tx_id,customer_region,destination_jurisdiction,asset,amount_usd,counterparty_type,customer_tenure_days,transaction_velocity_24h,chain_risk_score,sanctions_screen_hit,adverse_media_flag,originator_name,originator_account,originator_address,originator_id,beneficiary_name,beneficiary_account,simulated_illicit_label
TX-6822-0001,US,Singapore,BTC,1654.51,unhosted_wallet,94,4,63.6,False,True,True,True,False,True,True,True,False
TX-6822-0002,US,Singapore,ETH,246.27,hosted_vasp,277,1,10.5,False,False,True,True,True,True,True,False,True
TX-6822-0003,Singapore,High-risk corridor,USDC,1828.66,hosted_vasp,1938,3,48.4,False,False,True,True,True,True,True,True,False
TX-6822-0004,Singapore,US,USDC,10717.32,hosted_vasp,1102,6,38.9,False,False,True,True,True,True,True,True,False
TX-6822-0005,India,EU,USDC,2562.02,unhosted_wallet,23,3,48.4,False,False,True,True,True,False,True,False,False
TX-6822-0006,India,EU,USDC,4154.78,hosted_vasp,41,4,31.1,False,False,True,True,False,False,True,False,False
TX-6822-0007,Hong Kong,EU,SOL,606.36,hosted_vasp,579,17,35.6,False,False,True,True,True,True,True,True,False
TX-6822-0008,Hong Kong,Singapore,ETH,2418.89,hosted_vasp,151,4,38.5,False,False,True,True,True,False,True,True,False
TX-6822-0009,EU,Singapore,USDC,1831.25,hosted_vasp,1312,13,41.6,False,False,True,True,True,True,True,True,False
TX-6822-0010,Nigeria,Offshore,USDC,3109.84,unhosted_wallet,1976,3,77.0,False,False,True,True,True,False,True,True,False
TX-6822-0011,US,Offshore,USDC,2713.21,hosted_vasp,405,0,34.1,False,False,True,True,True,True,True,True,False
TX-6822-0012,US,EU,USDC,2097.2,hosted_vasp,10,4,33.0,False,False,True,True,True,True,True,True,False
TX-6822-0013,US,Offshore,USDC,1139.44,unhosted_wallet,650,18,69.5,False,False,True,True,True,False,False,True,False
TX-6822-0014,EU,Singapore,USDC,2593.16,hosted_vasp,1729,4,31.6,False,False,True,True,True,True,True,True,False
TX-6822-0015,US,Singapore,BTC,2000.57,hosted_vasp,884,0,38.0,False,False,True,True,True,True,True,True,False
TX-6822-0016,EU,EU,USDC,1642.92,hosted_vasp,1231,4,18.6,False,False,True,True,False,True,True,True,False
TX-6822-0017,Singapore,US,USDC,1306.0,unhosted_wallet,1396,0,34.6,False,False,True,True,True,True,True,True,False
TX-6822-0018,India,US,USDC,2556.18,unhosted_wallet,1202,2,42.1,False,False,True,True,False,False,False,True,False
TX-6822-0019,US,Singapore,ETH,1218.64,hosted_vasp,101,2,28.1,False,False,True,True,True,True,True,True,False
TX-6822-0020,India,High-risk corridor,ETH,1161.3,hosted_vasp,233,2,51.6,False,False,True,True,True,True,True,True,False
TX-6822-0021,Singapore,Singapore,USDC,2287.3,unhosted_wallet,1846,1,40.4,False,False,True,True,False,True,True,True,False
TX-6822-0022,US,US,BTC,347.56,hosted_vasp,899,4,9.1,False,False,True,True,True,True,True,True,False
TX-6822-0023,US,US,USDC,473.66,unhosted_wallet,1324,6,28.9,False,False,True,True,False,True,True,True,False
TX-6822-0024,US,High-risk corridor,USDC,1677.26,hosted_vasp,731,1,51.8,False,False,True,True,True,True,True,True,False
TX-6822-0025,Nigeria,Singapore,USDC,270.16,unhosted_wallet,336,5,75.5,False,True,True,True,True,True,False,True,False
TX-6822-0026,Hong Kong,EU,SOL,2766.46,hosted_vasp,1317,4,37.8,False,False,True,True,True,True,True,False,False
TX-6822-0027,US,EU,USDC,1122.62,hosted_vasp,1643,7,30.7,False,False,True,True,True,True,True,True,False
TX-6822-0028,India,US,ETH,1907.15,hosted_vasp,236,5,30.8,False,False,True,False,True,True,True,True,False
TX-6822-0029,Hong Kong,EU,USDC,954.01,unhosted_wallet,1371,2,80.6,False,True,True,True,True,True,True,True,False
TX-6822-0030,US,EU,USDC,1849.38,hosted_vasp,298,2,28.0,False,False,False,True,True,True,True,True,False
TX-6822-0031,Singapore,Singapore,BTC,1245.71,unhosted_wallet,956,6,36.8,False,False,True,True,False,True,False,True,False
TX-6822-0032,Hong Kong,US,ETH,427.92,hosted_vasp,1293,2,30.2,False,False,True,True,True,True,True,True,False
TX-6822-0033,US,Offshore,ETH,2015.74,unhosted_wallet,778,2,60.4,False,False,True,False,False,False,True,True,False
TX-6822-0034,Singapore,EU,ETH,2686.76,hosted_vasp,1837,1,23.0,False,False,True,True,True,False,True,True,False
TX-6822-0035,US,EU,USDC,1430.53,unhosted_wallet,1518,2,34.8,False,False,True,True,True,False,True,True,False
TX-6822-0036,UAE,High-risk corridor,SOL,1348.25,hosted_vasp,1508,23,84.7,False,False,True,True,True,True,True,True,False
TX-6822-0037,US,High-risk corridor,USDC,1694.75,unhosted_wallet,503,1,75.0,False,False,True,True,True,True,True,True,False
TX-6822-0038,US,Offshore,USDC,2380.9,hosted_vasp,2158,5,49.4,False,False,True,True,True,True,True,True,False
TX-6822-0039,India,Offshore,USDC,3121.48,hosted_vasp,159,16,64.0,False,False,True,False,True,True,True,True,False
TX-6822-0040,India,Offshore,USDC,2420.16,hosted_vasp,594,4,50.8,False,False,True,True,False,True,True,True,False
TX-6822-0041,Singapore,US,BTC,1523.16,hosted_vasp,899,2,49.8,False,True,True,True,False,True,True,True,False
TX-6822-0042,Singapore,Offshore,USDC,1595.2,hosted_vasp,504,27,54.1,False,False,True,True,True,True,True,True,False
TX-6822-0043,Singapore,US,USDC,8069.43,unhosted_wallet,940,0,40.6,False,False,True,True,True,False,True,True,False
TX-6822-0044,EU,US,USDC,1942.84,unhosted_wallet,94,7,38.8,False,False,True,False,False,False,True,True,False
TX-6822-0045,US,EU,BTC,580.12,hosted_vasp,351,4,41.0,False,False,True,True,True,True,True,True,False
TX-6822-0046,Singapore,Offshore,BTC,3655.2,hosted_vasp,819,2,51.7,False,False,True,True,True,True,True,True,False
TX-6822-0047,US,EU,USDC,1204.73,hosted_vasp,212,2,20.3,False,False,True,True,True,True,True,True,False
TX-6822-0048,Singapore,US,BTC,1376.38,unhosted_wallet,381,2,45.6,False,False,True,True,True,False,False,True,False
TX-6822-0049,UAE,Offshore,USDC,1301.74,hosted_vasp,1207,3,45.4,False,False,True,True,True,True,True,True,False
TX-6822-0050,EU,US,ETH,2577.4,hosted_vasp,2137,5,27.2,False,False,True,True,True,True,True,True,False
TX-6822-0051,EU,EU,ETH,2624.35,unhosted_wallet,673,4,31.2,False,False,True,True,False,True,True,True,False
TX-6822-0052,US,EU,BTC,779.56,hosted_vasp,1340,18,42.8,False,False,True,True,True,True,True,True,False
TX-6822-0053,US,High-risk corridor,SOL,1745.91,hosted_vasp,2090,4,52.0,False,False,True,True,True,True,True,True,False
TX-6822-0054,US,US,ETH,882.16,unhosted_wallet,2036,11,53.4,False,False,True,True,False,True,True,True,False
TX-6822-0055,US,High-risk corridor,BTC,1272.62,hosted_vasp,1829,2,73.9,False,True,True,True,True,True,True,True,False
TX-6822-0056,EU,Singapore,USDC,989.55,unhosted_wallet,1502,6,40.5,False,False,True,True,False,True,False,True,False
TX-6822-0057,UAE,EU,USDC,3046.6,unhosted_wallet,2131,1,62.4,False,False,True,True,False,False,True,True,False
TX-6822-0058,Singapore,US,ETH,1814.44,hosted_vasp,1904,2,12.9,False,False,True,True,True,True,True,True,False
TX-6822-0059,US,EU,USDC,796.09,hosted_vasp,412,1,15.3,False,False,True,True,True,True,True,True,False
TX-6822-0060,US,High-risk corridor,USDC,1296.83,hosted_vasp,747,1,72.7,False,False,True,True,True,True,True,True,False
TX-6822-0061,UAE,High-risk corridor,USDC,5903.17,unhosted_wallet,564,1,89.3,False,False,True,True,True,True,True,True,False
TX-6822-0062,US,US,BTC,1358.94,hosted_vasp,160,2,19.8,False,False,True,True,False,True,True,True,False
TX-6822-0063,Nigeria,High-risk corridor,BTC,1627.75,hosted_vasp,1812,2,79.5,False,False,True,True,True,True,True,True,True
TX-6822-0064,US,Singapore,ETH,5215.68,hosted_vasp,1402,21,42.1,False,False,True,True,True,False,True,True,False
TX-6822-0065,EU,Singapore,BTC,824.61,hosted_vasp,296,0,27.3,False,False,True,True,True,True,True,True,False
TX-6822-0066,India,US,USDC,5156.77,hosted_vasp,1804,5,37.8,False,False,True,True,True,True,True,True,False
TX-6822-0067,Nigeria,US,USDC,2133.87,unhosted_wallet,1931,3,61.6,False,False,True,True,False,True,True,True,False
TX-6822-0068,US,Offshore,BTC,1823.51,hosted_vasp,1076,1,39.3,False,False,True,True,True,True,True,True,False
TX-6822-0069,US,US,USDC,1082.0,hosted_vasp,1344,3,20.9,False,False,True,True,True,False,True,True,False
TX-6822-0070,US,Offshore,USDC,973.92,hosted_vasp,554,2,32.8,False,False,True,True,True,True,True,True,False
TX-6822-0071,Singapore,Singapore,SOL,1674.39,hosted_vasp,1051,2,38.0,False,False,True,True,True,True,True,True,False
TX-6822-0072,EU,Singapore,USDC,3019.84,hosted_vasp,355,2,27.0,False,False,True,True,True,True,True,True,False
TX-6822-0073,US,Singapore,USDC,2455.73,hosted_vasp,637,0,28.0,False,False,True,True,True,True,True,True,False
TX-6822-0074,EU,Singapore,BTC,2147.04,hosted_vasp,2156,14,38.9,False,False,True,True,True,True,True,True,False
TX-6822-0075,Singapore,EU,USDC,2047.6,hosted_vasp,2165,3,32.3,False,False,True,True,True,True,True,True,False
TX-6822-0076,US,High-risk corridor,USDC,3946.91,hosted_vasp,286,4,67.7,False,False,True,True,True,False,True,True,False
TX-6822-0077,Nigeria,US,BTC,2838.4,hosted_vasp,1682,2,56.1,False,False,True,True,True,True,True,True,False
TX-6822-0078,Singapore,High-risk corridor,SOL,2678.38,hosted_vasp,1623,2,56.6,False,False,True,True,True,True,True,True,False
TX-6822-0079,Singapore,Singapore,USDC,2285.6,hosted_vasp,1079,5,27.8,False,False,True,True,True,True,True,True,False
TX-6822-0080,US,Singapore,USDC,2688.86,hosted_vasp,417,0,27.0,False,False,True,True,True,True,True,True,False
TX-6822-0081,US,Singapore,BTC,1198.05,hosted_vasp,1157,6,14.6,False,False,True,True,True,True,True,True,False
TX-6822-0082,Singapore,EU,USDC,692.52,unhosted_wallet,2158,0,43.5,False,False,True,True,True,True,True,True,False
TX-6822-0083,EU,High-risk corridor,USDC,4670.22,hosted_vasp,1014,4,58.1,False,False,True,True,True,True,True,True,True
TX-6822-0084,US,US,BTC,1465.79,hosted_vasp,407,1,38.4,False,False,True,True,True,False,True,True,False
TX-6822-0085,US,US,USDC,1509.1,hosted_vasp,1361,15,45.0,False,False,True,True,True,True,True,True,False
TX-6822-0086,Singapore,EU,ETH,1110.86,unhosted_wallet,861,2,47.9,False,False,True,True,True,True,True,True,False
TX-6822-0087,US,Singapore,ETH,2496.51,unhosted_wallet,1065,3,43.5,False,True,True,True,True,False,True,True,True
TX-6822-0088,Singapore,EU,BTC,2016.52,hosted_vasp,814,4,28.1,False,False,True,True,True,True,True,True,False
TX-6822-0089,India,Singapore,BTC,2677.93,hosted_vasp,1214,0,32.1,False,False,True,True,True,False,True,True,False
TX-6822-0090,EU,EU,ETH,2016.79,unhosted_wallet,1988,2,55.5,False,False,True,True,False,True,True,True,False
TX-6822-0091,Nigeria,Singapore,ETH,397.03,hosted_vasp,1228,5,64.9,False,True,True,True,True,True,True,True,False
TX-6822-0092,US,Singapore,BTC,1206.23,hosted_vasp,1324,2,30.8,False,False,True,True,True,True,True,True,False
TX-6822-0093,Singapore,Singapore,USDC,218.5,hosted_vasp,80,4,30.4,False,False,True,True,True,True,True,True,False
TX-6822-0094,Hong Kong,Singapore,BTC,2575.77,hosted_vasp,1170,4,37.3,False,False,True,True,False,True,True,True,False
TX-6822-0095,Nigeria,EU,BTC,503.98,hosted_vasp,668,17,62.3,False,False,True,True,True,True,True,True,False
TX-6822-0096,Nigeria,Offshore,ETH,1827.5,hosted_vasp,2059,4,71.4,False,False,True,True,True,False,True,True,False
TX-6822-0097,US,Singapore,ETH,2203.67,unhosted_wallet,1048,4,44.1,False,False,True,True,True,False,True,True,False
TX-6822-0098,Hong Kong,Singapore,USDC,1151.41,hosted_vasp,125,23,58.4,False,False,True,True,False,False,True,True,False
TX-6822-0099,Nigeria,US,USDC,270.59,hosted_vasp,1829,2,44.4,False,False,True,True,True,True,True,True,False
TX-6822-0100,US,High-risk corridor,USDC,2733.4,hosted_vasp,1963,6,46.2,False,False,True,True,True,True,True,True,False
TX-6822-0101,UAE,EU,ETH,2287.63,hosted_vasp,2081,15,49.7,False,False,True,True,True,True,True,True,False
TX-6822-0102,EU,US,BTC,228.37,hosted_vasp,1460,2,31.0,False,False,True,True,True,True,True,True,False
TX-6822-0103,EU,Offshore,USDC,2815.47,unhosted_wallet,366,4,49.8,False,False,True,True,True,True,True,True,False
TX-6822-0104,Nigeria,EU,USDC,938.77,unhosted_wallet,1015,26,74.2,False,False,True,True,True,True,True,True,False
TX-6822-0105,US,US,USDC,1633.79,hosted_vasp,1114,3,31.1,False,False,True,True,True,True,True,True,False
TX-6822-0106,Singapore,Offshore,USDC,1578.46,unhosted_wallet,922,2,61.4,False,False,True,True,True,True,True,True,False
TX-6822-0107,Singapore,US,BTC,3429.93,unhosted_wallet,418,19,86.2,False,True,True,True,True,True,True,True,True
TX-6822-0108,US,EU,USDC,1898.57,hosted_vasp,936,1,45.2,False,False,True,True,True,True,True,True,False
TX-6822-0109,Singapore,Singapore,USDC,916.59,unhosted_wallet,397,3,65.2,False,True,True,True,True,False,True,True,False
TX-6822-0110,Hong Kong,US,USDC,2125.89,unhosted_wallet,699,3,43.1,False,False,True,True,False,False,False,True,False
TX-6822-0111,US,US,USDC,2529.86,hosted_vasp,474,4,11.4,False,False,True,True,True,True,True,True,False
TX-6822-0112,EU,Singapore,BTC,1143.84,hosted_vasp,1521,3,34.9,False,False,True,True,True,True,True,True,False
TX-6822-0113,Singapore,US,USDC,2262.74,hosted_vasp,362,1,35.9,False,False,True,True,True,True,True,True,False
TX-6822-0114,Singapore,EU,USDC,1548.73,hosted_vasp,2000,0,17.6,False,False,True,True,True,True,True,True,False
TX-6822-0115,US,Singapore,USDC,1412.05,hosted_vasp,998,5,17.5,False,False,True,True,True,True,True,True,False
TX-6822-0116,India,Offshore,USDC,4806.29,hosted_vasp,639,4,51.9,False,False,True,True,True,True,True,True,False
TX-6822-0117,India,Offshore,BTC,11671.56,hosted_vasp,1289,3,67.3,False,False,True,True,True,True,True,True,True
TX-6822-0118,UAE,Offshore,SOL,2928.19,unhosted_wallet,393,6,64.4,False,False,True,True,True,True,True,True,False
TX-6822-0119,Hong Kong,High-risk corridor,BTC,1653.09,hosted_vasp,329,2,59.8,False,False,True,True,True,False,True,True,False
TX-6822-0120,US,Offshore,USDC,1817.13,hosted_vasp,111,3,31.7,False,False,True,True,True,True,True,True,False
TX-6822-0121,EU,US,USDC,2362.98,hosted_vasp,1283,5,31.6,False,False,True,True,True,True,True,True,False
TX-6822-0122,India,EU,BTC,2358.37,hosted_vasp,1013,2,44.6,False,False,True,True,True,True,True,True,False
TX-6822-0123,US,US,USDC,951.83,hosted_vasp,1980,1,30.0,False,False,False,True,True,True,True,True,False
TX-6822-0124,Singapore,Offshore,BTC,970.08,hosted_vasp,1159,0,44.7,False,False,True,True,True,False,True,True,False
TX-6822-0125,Singapore,Offshore,SOL,3755.14,unhosted_wallet,1485,4,62.1,False,False,True,True,True,True,True,True,False
TX-6822-0126,Hong Kong,US,BTC,2413.54,hosted_vasp,405,2,13.8,False,False,True,True,True,True,True,True,False
TX-6822-0127,Singapore,US,BTC,2462.03,hosted_vasp,208,0,25.0,False,False,True,True,True,True,True,True,False
TX-6822-0128,US,Singapore,USDC,3429.74,hosted_vasp,941,3,20.4,False,False,True,True,True,False,True,True,False
TX-6822-0129,Nigeria,High-risk corridor,USDC,691.58,hosted_vasp,521,12,99.0,False,False,True,True,True,True,True,True,False
TX-6822-0130,US,Singapore,USDC,6672.83,hosted_vasp,977,2,53.5,False,True,True,True,True,True,True,True,False
TX-6822-0131,EU,EU,SOL,5313.75,hosted_vasp,1407,3,33.5,False,False,True,True,True,False,True,True,False
TX-6822-0132,Nigeria,High-risk corridor,USDC,399.61,hosted_vasp,385,8,92.1,False,False,True,True,True,False,True,True,False
TX-6822-0133,Nigeria,EU,BTC,1709.83,unhosted_wallet,1237,3,64.1,False,False,True,True,True,True,True,False,False
TX-6822-0134,UAE,Singapore,USDC,304.39,unhosted_wallet,1302,5,49.8,False,False,True,True,True,True,True,True,False
TX-6822-0135,Singapore,Singapore,BTC,1538.11,hosted_vasp,30,2,27.2,False,False,True,True,True,True,True,True,False
TX-6822-0136,US,Offshore,USDC,1651.85,hosted_vasp,627,2,45.1,False,False,True,True,True,True,True,True,False
TX-6822-0137,US,Offshore,USDC,1177.69,hosted_vasp,2098,4,34.1,False,False,True,True,False,True,True,True,False
TX-6822-0138,Nigeria,Singapore,USDC,2856.13,hosted_vasp,1238,0,26.1,False,False,True,True,True,True,True,True,False
TX-6822-0139,US,Offshore,USDC,874.57,hosted_vasp,218,2,43.0,False,False,True,True,True,True,True,True,False
TX-6822-0140,Nigeria,EU,USDC,2132.35,hosted_vasp,48,0,44.5,False,False,True,True,True,True,True,True,False
TX-6822-0141,Singapore,Offshore,BTC,928.12,hosted_vasp,1966,2,46.2,False,False,True,True,True,True,True,False,False
TX-6822-0142,Singapore,US,USDC,1953.04,hosted_vasp,1281,2,40.0,False,False,True,True,True,True,True,True,False
TX-6822-0143,US,High-risk corridor,USDC,3199.03,unhosted_wallet,1465,31,88.5,False,False,True,True,True,True,True,True,False
TX-6822-0144,Nigeria,Offshore,ETH,537.9,hosted_vasp,246,3,69.0,False,False,True,True,False,True,True,True,False
TX-6822-0145,EU,US,USDC,735.47,unhosted_wallet,621,1,49.8,False,False,True,True,True,False,True,True,False
TX-6822-0146,Hong Kong,EU,USDC,2532.43,unhosted_wallet,911,3,42.6,False,False,True,True,True,False,True,True,False
TX-6822-0147,Nigeria,Singapore,USDC,1144.59,hosted_vasp,1775,4,32.4,False,False,True,True,True,True,True,True,False
TX-6822-0148,Singapore,EU,USDC,695.14,unhosted_wallet,31,1,46.3,False,False,True,True,True,True,True,True,False
TX-6822-0149,Nigeria,US,USDC,2898.51,hosted_vasp,321,2,22.7,False,False,True,True,True,True,True,True,False
TX-6822-0150,Nigeria,Singapore,USDC,475.16,unhosted_wallet,1437,4,58.3,False,False,True,True,True,False,True,True,False
TX-6822-0151,US,EU,USDC,687.17,hosted_vasp,972,3,13.4,False,False,True,True,True,True,True,True,False
TX-6822-0152,Singapore,EU,USDC,663.07,hosted_vasp,2087,2,22.6,False,False,True,True,True,True,True,True,False
TX-6822-0153,Singapore,Offshore,ETH,1623.39,hosted_vasp,183,4,45.1,False,False,True,True,False,True,True,False,False
TX-6822-0154,US,EU,ETH,2484.35,hosted_vasp,367,5,27.0,False,False,True,True,True,True,True,True,False
TX-6822-0155,Singapore,EU,USDC,1925.85,hosted_vasp,1616,1,29.3,False,False,True,True,True,True,True,True,False
TX-6822-0156,US,Singapore,ETH,2683.79,hosted_vasp,1736,2,46.1,False,True,True,True,True,True,True,True,False
TX-6822-0157,UAE,High-risk corridor,USDC,2309.43,hosted_vasp,2051,4,73.3,False,False,True,True,True,True,True,True,False
TX-6822-0158,US,Singapore,USDC,1410.09,hosted_vasp,279,1,31.2,False,False,True,True,True,True,True,True,False
TX-6822-0159,Nigeria,EU,USDC,1233.63,hosted_vasp,1,3,43.0,False,False,True,True,True,False,True,True,False
TX-6822-0160,US,Offshore,BTC,283.88,hosted_vasp,1364,20,50.0,False,False,True,True,True,False,True,True,False
TX-6822-0161,EU,Singapore,USDC,867.15,hosted_vasp,96,27,46.2,False,False,True,True,True,True,True,True,False
TX-6822-0162,EU,High-risk corridor,BTC,2578.98,hosted_vasp,999,5,51.2,False,False,True,True,True,True,True,True,False
TX-6822-0163,Singapore,Singapore,BTC,1595.36,unhosted_wallet,483,3,37.5,False,False,True,True,True,False,True,True,False
TX-6822-0164,Singapore,US,USDC,455.69,unhosted_wallet,2033,4,44.7,False,False,True,True,True,True,True,True,False
TX-6822-0165,India,High-risk corridor,BTC,2415.45,hosted_vasp,713,3,66.1,False,False,True,True,True,False,True,True,False
TX-6822-0166,India,Singapore,USDC,1096.4,hosted_vasp,1537,13,49.0,False,False,True,True,True,True,True,True,False
TX-6822-0167,EU,US,USDC,2809.48,hosted_vasp,2172,4,23.5,False,False,True,True,True,True,True,True,False
TX-6822-0168,US,EU,BTC,2079.41,hosted_vasp,586,2,26.2,False,False,True,True,True,True,True,True,False
TX-6822-0169,US,Singapore,USDC,1145.75,unhosted_wallet,447,1,42.3,False,False,True,True,True,True,False,True,False
TX-6822-0170,EU,Offshore,BTC,1740.43,unhosted_wallet,1389,4,56.8,False,False,True,True,True,False,True,True,False
TX-6822-0171,Hong Kong,High-risk corridor,SOL,907.96,unhosted_wallet,509,1,74.7,False,False,True,True,True,True,False,True,False
TX-6822-0172,EU,US,USDC,505.52,hosted_vasp,2184,3,17.6,False,False,True,True,True,True,True,True,False
TX-6822-0173,EU,EU,USDC,4853.86,hosted_vasp,99,4,38.6,False,False,True,True,True,True,True,True,False
TX-6822-0174,EU,High-risk corridor,USDC,1772.65,unhosted_wallet,1887,2,70.9,False,False,True,True,True,True,True,True,False
TX-6822-0175,India,High-risk corridor,USDC,1224.27,hosted_vasp,1740,2,51.7,False,False,True,True,True,True,True,True,False
TX-6822-0176,US,Offshore,USDC,275.63,hosted_vasp,1475,1,59.9,False,True,True,True,True,True,True,True,False
TX-6822-0177,EU,US,BTC,469.75,unhosted_wallet,2179,2,39.4,False,False,True,True,True,True,True,True,False
TX-6822-0178,US,Singapore,ETH,354.57,unhosted_wallet,2114,0,53.7,False,False,True,True,True,True,True,True,False
TX-6822-0179,EU,EU,BTC,4538.32,hosted_vasp,918,1,34.2,False,False,True,True,True,True,True,True,False
TX-6822-0180,India,Singapore,USDC,509.86,hosted_vasp,1651,2,39.0,False,False,True,True,True,True,True,True,False
TX-6822-0181,Singapore,High-risk corridor,USDC,1101.71,hosted_vasp,2184,2,58.4,False,False,True,True,True,True,True,True,False
TX-6822-0182,US,EU,BTC,1167.71,hosted_vasp,2152,3,21.8,False,False,True,True,False,True,True,True,False
TX-6822-0183,EU,EU,USDC,2065.28,hosted_vasp,785,2,25.9,False,False,True,True,True,True,True,True,False
TX-6822-0184,US,High-risk corridor,USDC,516.82,hosted_vasp,339,4,50.8,False,False,True,True,True,True,True,True,False
TX-6822-0185,Singapore,US,USDC,2265.92,hosted_vasp,839,1,42.6,False,True,True,True,True,True,True,True,True
TX-6822-0186,Hong Kong,Singapore,USDC,1011.2,unhosted_wallet,99,4,51.1,False,False,True,True,True,True,True,True,False
TX-6822-0187,Singapore,Offshore,USDC,1413.89,hosted_vasp,886,3,40.3,False,False,True,False,False,True,True,True,False
TX-6822-0188,Singapore,Singapore,USDC,88.36,hosted_vasp,1131,4,21.2,False,False,True,True,True,True,True,True,False
TX-6822-0189,UAE,High-risk corridor,ETH,1502.89,unhosted_wallet,219,6,79.8,False,False,True,True,False,True,True,True,False
TX-6822-0190,EU,Singapore,USDC,1174.21,unhosted_wallet,880,2,40.6,False,False,True,True,True,True,True,True,False
TX-6822-0191,India,EU,BTC,276.93,hosted_vasp,1202,4,40.7,False,False,True,True,True,True,True,True,False
TX-6822-0192,UAE,EU,USDC,1935.0,hosted_vasp,1469,2,31.9,False,False,True,True,True,True,True,True,False
TX-6822-0193,Singapore,Offshore,USDC,838.74,unhosted_wallet,1524,2,66.5,False,False,True,True,True,True,True,True,False
TX-6822-0194,US,Singapore,BTC,3047.27,unhosted_wallet,713,3,36.7,False,False,True,True,True,True,True,True,False
TX-6822-0195,EU,Singapore,USDC,1684.68,unhosted_wallet,1912,0,41.7,False,False,True,True,True,True,True,True,False
TX-6822-0196,EU,Offshore,USDC,1962.85,hosted_vasp,527,5,32.4,False,False,True,True,True,True,True,True,False
TX-6822-0197,Singapore,Singapore,USDC,692.04,unhosted_wallet,775,5,57.7,False,False,True,True,True,True,True,True,False
TX-6822-0198,US,Offshore,BTC,1415.56,hosted_vasp,1134,1,33.5,False,False,True,True,True,True,True,True,False
TX-6822-0199,US,Singapore,USDC,2571.65,hosted_vasp,1333,4,17.4,False,False,True,True,True,True,True,True,False
TX-6822-0200,Nigeria,US,USDC,978.71,hosted_vasp,914,23,59.8,False,False,True,True,True,True,True,False,False
TX-6822-0201,Nigeria,EU,ETH,957.79,hosted_vasp,963,17,52.3,False,False,True,True,True,True,True,True,False
TX-6822-0202,Nigeria,High-risk corridor,USDC,1515.33,hosted_vasp,143,4,73.3,False,False,True,True,True,True,True,True,False
TX-6822-0203,EU,US,USDC,765.38,hosted_vasp,1650,16,40.2,False,False,True,True,True,True,True,True,False
TX-6822-0204,EU,Singapore,USDC,878.08,hosted_vasp,2090,4,25.3,False,False,True,True,True,True,True,True,False
TX-6822-0205,US,US,BTC,210.28,unhosted_wallet,326,2,35.9,False,False,True,True,False,False,True,True,False
TX-6822-0206,Singapore,EU,ETH,1890.42,unhosted_wallet,1475,4,43.0,False,False,True,True,True,True,True,True,False
TX-6822-0207,Singapore,EU,BTC,2264.56,hosted_vasp,802,3,20.0,False,False,True,True,True,True,True,True,False
TX-6822-0208,India,EU,USDC,1479.85,hosted_vasp,1073,26,48.8,False,False,True,True,True,False,True,True,False
TX-6822-0209,US,Singapore,SOL,3577.13,hosted_vasp,1985,1,39.4,False,False,True,True,False,True,True,True,False
TX-6822-0210,US,EU,USDC,1943.04,hosted_vasp,1616,3,35.9,False,False,True,True,True,True,True,False,False
TX-6822-0211,UAE,Offshore,BTC,1548.37,unhosted_wallet,1529,3,64.4,False,False,True,False,True,True,True,True,False
TX-6822-0212,EU,US,USDC,1194.13,hosted_vasp,1870,1,25.7,False,False,False,True,True,True,True,True,False
TX-6822-0213,US,Singapore,USDC,343.54,unhosted_wallet,516,4,37.0,False,False,True,True,False,True,True,True,False
TX-6822-0214,US,Offshore,USDC,2893.71,hosted_vasp,1647,4,38.0,False,False,True,True,True,True,True,True,False
TX-6822-0215,US,Singapore,BTC,221.59,unhosted_wallet,1525,21,81.1,False,True,True,True,True,True,True,True,False
TX-6822-0216,US,EU,USDC,2249.34,hosted_vasp,1240,6,17.2,False,False,True,True,True,True,True,True,False
TX-6822-0217,EU,Singapore,ETH,378.09,hosted_vasp,216,1,36.7,False,False,True,True,True,True,True,True,False
TX-6822-0218,US,High-risk corridor,USDC,237.0,hosted_vasp,1760,15,67.5,False,False,True,True,True,True,True,True,False
TX-6822-0219,UAE,Offshore,BTC,839.73,hosted_vasp,46,9,54.9,False,False,False,True,True,False,True,True,True
TX-6822-0220,EU,US,ETH,2427.21,unhosted_wallet,1517,1,42.1,False,False,True,True,False,True,True,True,False
TX-6822-0221,UAE,High-risk corridor,BTC,3496.84,hosted_vasp,261,16,99.0,False,True,True,True,False,True,True,True,False
TX-6822-0222,UAE,Singapore,ETH,175.25,hosted_vasp,2168,6,28.0,False,False,True,True,True,True,True,True,False
TX-6822-0223,EU,Singapore,ETH,235.85,hosted_vasp,28,15,39.7,False,False,True,True,True,True,True,True,False
TX-6822-0224,UAE,Offshore,USDC,1408.25,hosted_vasp,540,2,46.7,False,False,True,True,True,True,True,False,False
TX-6822-0225,EU,EU,BTC,348.34,unhosted_wallet,367,5,43.4,False,False,True,True,True,True,True,True,False
TX-6822-0226,US,EU,ETH,1923.94,hosted_vasp,872,1,44.0,False,True,True,True,True,True,True,True,False
TX-6822-0227,India,Singapore,ETH,1619.73,hosted_vasp,1182,19,40.6,False,False,True,True,True,True,True,True,False
TX-6822-0228,Singapore,EU,USDC,1350.36,unhosted_wallet,1273,5,43.2,False,False,True,True,False,True,True,True,False
TX-6822-0229,Nigeria,US,USDC,485.13,hosted_vasp,1212,5,35.6,False,False,True,True,True,False,True,True,False
TX-6822-0230,Hong Kong,Singapore,USDC,743.94,hosted_vasp,493,3,30.2,False,False,True,True,True,True,True,True,False
TX-6822-0231,Nigeria,Offshore,USDC,2950.25,hosted_vasp,2062,3,63.1,False,False,True,True,True,True,True,True,False
TX-6822-0232,EU,US,USDC,1678.93,hosted_vasp,2122,4,14.0,False,False,True,True,True,True,True,True,False
TX-6822-0233,US,EU,BTC,151.19,hosted_vasp,471,21,51.1,False,False,True,True,True,False,True,True,False
TX-6822-0234,US,Offshore,USDC,5382.58,unhosted_wallet,993,2,61.1,False,False,True,True,True,True,True,True,False
TX-6822-0235,EU,Singapore,BTC,4544.55,hosted_vasp,1589,1,37.5,False,False,True,False,True,True,True,True,False
TX-6822-0236,US,US,USDC,3176.74,unhosted_wallet,488,5,40.4,False,False,True,True,True,False,False,True,False
TX-6822-0237,Singapore,Singapore,BTC,1269.92,hosted_vasp,788,3,24.4,False,False,True,True,True,True,True,True,False
TX-6822-0238,Singapore,US,BTC,1309.74,hosted_vasp,1806,1,25.4,False,False,True,True,True,True,True,True,False
TX-6822-0239,UAE,Singapore,USDC,767.9,unhosted_wallet,814,3,43.3,False,False,True,True,True,True,True,False,False
TX-6822-0240,EU,High-risk corridor,USDC,1135.2,unhosted_wallet,149,8,75.7,False,False,False,True,True,False,True,True,False
TX-6822-0241,EU,Offshore,USDC,1219.06,hosted_vasp,1730,4,45.0,False,False,True,True,True,True,True,True,False
TX-6822-0242,US,Offshore,USDC,1645.38,hosted_vasp,812,4,23.9,False,False,True,True,True,True,True,True,False
TX-6822-0243,UAE,EU,USDC,1226.96,hosted_vasp,124,2,32.6,False,False,True,True,True,True,True,True,False
TX-6822-0244,Singapore,Singapore,USDC,967.38,hosted_vasp,1130,4,27.3,False,False,True,True,True,True,True,True,False
TX-6822-0245,Singapore,High-risk corridor,USDC,1772.35,unhosted_wallet,392,4,62.7,False,False,True,True,True,True,True,True,False
TX-6822-0246,US,EU,USDC,2615.46,unhosted_wallet,853,1,43.7,False,False,True,True,True,True,True,True,False
TX-6822-0247,Hong Kong,US,USDC,2089.9,hosted_vasp,1160,2,34.8,False,False,True,True,True,False,True,True,False
TX-6822-0248,US,US,BTC,4492.08,hosted_vasp,2097,3,23.6,False,False,True,True,True,True,True,True,False
TX-6822-0249,EU,Offshore,BTC,507.44,hosted_vasp,759,2,24.7,False,False,True,True,True,True,True,True,False
TX-6822-0250,EU,EU,USDC,2106.0,hosted_vasp,1721,2,18.8,False,False,True,True,True,True,True,True,False
TX-6822-0251,US,High-risk corridor,USDC,942.78,hosted_vasp,1902,1,71.4,False,False,True,True,True,False,True,True,False
TX-6822-0252,US,High-risk corridor,BTC,3269.11,unhosted_wallet,372,2,85.7,False,False,True,True,True,True,True,True,False
TX-6822-0253,EU,Singapore,USDC,898.96,unhosted_wallet,1343,1,45.4,False,False,True,True,True,False,True,True,False
TX-6822-0254,US,Offshore,USDC,2958.13,unhosted_wallet,1223,21,74.4,False,False,True,True,True,False,True,True,False
TX-6822-0255,Singapore,Offshore,USDC,5949.35,hosted_vasp,506,3,43.6,False,False,True,True,True,True,True,True,False
TX-6822-0256,US,US,USDC,10637.15,hosted_vasp,701,3,29.5,False,False,True,True,True,True,True,True,False
TX-6822-0257,Singapore,Offshore,BTC,1026.0,hosted_vasp,219,2,53.4,False,True,True,True,True,True,True,True,True
TX-6822-0258,US,US,USDC,704.05,hosted_vasp,1674,5,37.8,False,False,True,True,True,True,True,True,False
TX-6822-0259,India,Singapore,USDC,1833.15,unhosted_wallet,1613,0,52.7,False,False,True,True,True,True,False,True,False
TX-6822-0260,Singapore,EU,ETH,629.59,hosted_vasp,878,1,22.3,False,False,True,True,True,True,True,True,False
TX-6822-0261,US,EU,BTC,1930.97,hosted_vasp,494,2,28.9,False,False,True,True,True,True,True,True,False
TX-6822-0262,US,US,USDC,687.57,hosted_vasp,1784,20,49.1,False,False,True,True,True,True,True,True,False
TX-6822-0263,US,US,ETH,1232.76,hosted_vasp,1927,2,21.7,False,False,True,True,True,True,True,True,False
TX-6822-0264,Singapore,EU,USDC,383.06,hosted_vasp,1339,1,25.9,False,False,True,True,True,True,True,True,False
TX-6822-0265,Singapore,High-risk corridor,BTC,883.61,hosted_vasp,180,4,68.1,False,False,True,True,True,True,True,True,False
TX-6822-0266,US,High-risk corridor,USDC,2650.57,hosted_vasp,1581,17,64.0,False,False,True,True,True,False,True,True,False
TX-6822-0267,India,US,USDC,761.12,unhosted_wallet,961,0,53.9,False,False,True,False,True,True,True,True,False
TX-6822-0268,US,Offshore,BTC,472.97,hosted_vasp,1203,11,60.4,False,False,True,True,True,False,True,True,False
TX-6822-0269,Singapore,EU,USDC,2269.29,hosted_vasp,262,3,29.1,False,False,True,True,True,True,True,True,False
TX-6822-0270,EU,EU,USDC,1569.06,hosted_vasp,140,2,29.9,False,False,True,True,True,True,True,True,False
TX-6822-0271,Singapore,US,BTC,2594.25,hosted_vasp,1940,4,16.5,False,False,True,True,True,True,True,True,False
TX-6822-0272,EU,EU,ETH,670.4,unhosted_wallet,200,19,63.0,False,False,True,True,True,True,True,True,False
TX-6822-0273,US,High-risk corridor,ETH,1899.25,unhosted_wallet,221,4,61.5,False,False,False,True,True,True,True,True,False
TX-6822-0274,Singapore,US,ETH,1763.08,hosted_vasp,2015,3,30.6,False,False,True,True,True,True,True,True,False
TX-6822-0275,Singapore,US,USDC,267.05,unhosted_wallet,1684,3,41.0,False,False,True,True,False,True,True,True,False
TX-6822-0276,Hong Kong,High-risk corridor,USDC,159.88,unhosted_wallet,2087,2,77.8,False,False,True,True,True,False,True,False,False
TX-6822-0277,Singapore,High-risk corridor,USDC,4834.62,unhosted_wallet,1147,5,77.5,False,False,True,True,True,True,True,True,False
TX-6822-0278,Singapore,EU,USDC,1842.0,hosted_vasp,308,2,21.1,False,False,True,True,True,True,True,True,False
TX-6822-0279,Nigeria,EU,USDC,523.89,hosted_vasp,455,1,48.5,False,False,True,True,False,True,True,True,False
TX-6822-0280,EU,US,USDC,451.23,hosted_vasp,343,18,37.7,False,False,True,True,True,True,True,True,False
TX-6822-0281,EU,Singapore,BTC,2189.6,hosted_vasp,2034,2,39.4,False,False,True,True,True,True,False,True,False
TX-6822-0282,US,EU,USDC,398.65,unhosted_wallet,203,3,34.9,False,False,True,True,False,False,True,True,False
TX-6822-0283,UAE,High-risk corridor,BTC,981.95,hosted_vasp,1965,3,60.4,False,False,True,True,False,False,True,True,False
TX-6822-0284,UAE,EU,USDC,2029.69,hosted_vasp,1483,1,27.0,False,False,True,True,True,True,True,True,False
TX-6822-0285,Singapore,High-risk corridor,USDC,2806.16,hosted_vasp,131,0,58.5,False,False,True,True,True,True,True,True,False
TX-6822-0286,EU,EU,USDC,2251.43,unhosted_wallet,1957,1,47.3,False,False,True,True,True,True,True,True,False
TX-6822-0287,Singapore,EU,BTC,1954.88,hosted_vasp,2046,4,29.1,False,False,True,True,True,True,True,True,False
TX-6822-0288,India,US,USDC,1833.37,hosted_vasp,2049,5,26.1,False,False,True,True,True,True,True,True,False
TX-6822-0289,EU,Singapore,ETH,2316.2,hosted_vasp,2161,0,22.3,False,False,True,True,False,False,True,True,False
TX-6822-0290,US,US,USDC,622.81,hosted_vasp,1955,0,2.5,False,False,True,True,True,False,True,True,False
TX-6822-0291,Nigeria,Singapore,SOL,918.97,hosted_vasp,1757,0,65.2,False,True,True,True,True,True,True,True,False
TX-6822-0292,US,US,USDC,2001.01,hosted_vasp,1938,6,25.7,False,False,True,True,True,True,True,False,False
TX-6822-0293,Nigeria,US,USDC,608.26,hosted_vasp,397,15,44.8,False,False,True,True,True,False,True,True,False
TX-6822-0294,US,High-risk corridor,USDC,1853.19,hosted_vasp,696,3,59.2,False,False,True,True,True,True,True,True,False
TX-6822-0295,Singapore,EU,ETH,1378.4,hosted_vasp,1116,0,17.7,False,False,True,True,True,True,True,True,False
TX-6822-0296,US,EU,BTC,1306.58,hosted_vasp,1906,6,18.8,False,False,True,True,True,True,True,True,False
TX-6822-0297,Singapore,High-risk corridor,BTC,346.04,hosted_vasp,1911,2,47.9,False,False,True,True,True,True,True,True,False
TX-6822-0298,Hong Kong,High-risk corridor,ETH,539.61,unhosted_wallet,319,3,81.7,False,False,True,True,False,True,True,True,False
TX-6822-0299,EU,US,BTC,1218.4,hosted_vasp,1701,3,16.5,False,False,True,True,True,False,True,True,False
TX-6822-0300,Nigeria,Singapore,USDC,2625.11,unhosted_wallet,105,2,72.5,False,False,True,True,False,False,True,True,False
TX-6822-0301,US,Offshore,USDC,497.3,hosted_vasp,288,4,48.2,False,True,True,True,True,True,True,True,True
TX-6822-0302,US,Singapore,USDC,1001.16,hosted_vasp,184,1,41.7,False,False,True,True,True,True,True,True,False
TX-6822-0303,Nigeria,Singapore,BTC,2305.45,hosted_vasp,102,2,51.1,False,False,True,True,True,True,True,True,False
TX-6822-0304,Singapore,Singapore,BTC,736.38,hosted_vasp,2195,5,20.3,False,False,True,True,True,True,True,True,False
TX-6822-0305,Nigeria,High-risk corridor,USDC,2480.76,unhosted_wallet,364,6,92.8,False,False,True,True,True,True,True,True,False
TX-6822-0306,US,Singapore,SOL,1373.79,unhosted_wallet,715,16,49.7,False,False,True,True,True,True,False,True,False
TX-6822-0307,US,Singapore,USDC,1265.85,hosted_vasp,703,3,38.5,False,False,True,True,False,True,True,True,False
TX-6822-0308,Hong Kong,US,USDC,2857.84,unhosted_wallet,2116,4,50.0,False,False,True,True,True,False,True,True,False
TX-6822-0309,US,Offshore,ETH,2259.03,unhosted_wallet,2002,1,50.6,False,False,True,True,False,True,True,True,False
TX-6822-0310,US,EU,USDC,2205.6,hosted_vasp,509,4,32.4,False,False,True,True,True,True,True,True,False
TX-6822-0311,Singapore,Singapore,ETH,2151.41,unhosted_wallet,67,5,39.8,False,False,True,True,True,True,True,False,False
TX-6822-0312,UAE,EU,USDC,679.78,hosted_vasp,27,3,20.8,False,False,True,True,True,False,True,True,False
TX-6822-0313,Nigeria,US,USDC,811.54,hosted_vasp,1915,3,46.1,False,False,True,True,True,True,True,True,False
TX-6822-0314,India,Singapore,USDC,2064.29,unhosted_wallet,1486,1,53.9,False,False,True,True,True,True,True,True,False
TX-6822-0315,Nigeria,EU,BTC,4226.49,hosted_vasp,1500,4,63.9,False,False,True,True,True,False,True,True,False
TX-6822-0316,US,EU,USDC,2758.12,unhosted_wallet,423,2,65.3,False,True,True,True,False,False,True,True,False
TX-6822-0317,Nigeria,EU,ETH,1774.33,unhosted_wallet,1412,2,57.4,False,False,True,True,False,True,False,True,False
TX-6822-0318,EU,Offshore,USDC,2533.51,hosted_vasp,2024,4,34.2,False,False,True,True,True,True,True,True,False
TX-6822-0319,India,Offshore,BTC,2949.33,hosted_vasp,821,3,68.6,False,True,True,True,True,True,True,True,False
TX-6822-0320,Nigeria,Singapore,BTC,862.28,unhosted_wallet,986,19,70.9,False,False,True,True,True,True,False,True,False
TX-6822-0321,India,Singapore,BTC,1144.14,hosted_vasp,2067,1,28.1,False,False,True,True,True,True,True,True,False
TX-6822-0322,UAE,Singapore,USDC,5261.8,hosted_vasp,1038,4,43.4,False,False,True,False,True,True,True,True,False
TX-6822-0323,Singapore,US,SOL,1292.67,unhosted_wallet,1620,2,55.3,False,False,True,True,False,True,True,True,False
TX-6822-0324,US,US,BTC,2511.52,hosted_vasp,1545,4,42.3,False,False,True,True,True,False,True,True,False
TX-6822-0325,US,EU,USDC,1850.5,hosted_vasp,1221,2,40.9,False,True,True,True,True,True,True,True,False
TX-6822-0326,US,Offshore,USDC,2146.31,hosted_vasp,348,2,38.2,False,False,True,True,True,False,True,True,False
TX-6822-0327,Hong Kong,US,ETH,373.44,unhosted_wallet,2089,1,37.8,False,False,True,True,True,True,True,True,False
TX-6822-0328,Hong Kong,High-risk corridor,ETH,2970.57,hosted_vasp,267,3,73.4,False,True,True,True,True,True,True,True,False
TX-6822-0329,US,Offshore,BTC,1266.33,hosted_vasp,402,4,47.9,False,False,True,True,False,True,True,True,False
TX-6822-0330,EU,US,USDC,5445.03,hosted_vasp,2152,6,35.0,False,False,True,True,True,True,True,True,False
TX-6822-0331,India,Offshore,USDC,420.66,hosted_vasp,820,1,42.8,False,False,True,True,True,True,True,True,False
TX-6822-0332,UAE,EU,BTC,2151.03,unhosted_wallet,1161,0,57.3,False,False,True,True,False,True,True,True,False
TX-6822-0333,Hong Kong,Singapore,ETH,896.01,unhosted_wallet,1165,4,58.4,False,False,True,False,True,True,True,True,False
TX-6822-0334,Singapore,Singapore,USDC,955.36,hosted_vasp,1205,3,30.8,False,False,True,True,True,True,True,True,False
TX-6822-0335,India,Offshore,USDC,461.14,hosted_vasp,1180,3,48.6,False,False,True,True,False,True,True,True,False
TX-6822-0336,Nigeria,US,ETH,756.17,unhosted_wallet,1381,5,49.3,False,False,True,True,False,True,True,True,False
TX-6822-0337,UAE,US,USDC,1126.84,hosted_vasp,689,3,34.1,False,False,True,True,True,True,True,True,False
TX-6822-0338,EU,Singapore,USDC,2520.04,hosted_vasp,1196,1,26.6,False,False,True,True,True,True,True,False,False
TX-6822-0339,US,High-risk corridor,USDC,725.46,hosted_vasp,2194,2,53.9,False,False,True,True,True,True,True,True,False
TX-6822-0340,US,High-risk corridor,ETH,2278.38,hosted_vasp,1706,3,42.0,False,False,True,True,True,True,True,True,False
TX-6822-0341,US,Singapore,ETH,678.89,hosted_vasp,770,0,11.4,False,False,True,True,True,True,True,True,False
TX-6822-0342,Singapore,Offshore,USDC,2133.76,unhosted_wallet,237,5,59.9,False,False,True,True,True,True,True,True,False
TX-6822-0343,US,Offshore,BTC,1876.74,hosted_vasp,721,1,34.4,False,False,True,True,True,True,True,True,False
TX-6822-0344,US,Offshore,ETH,5009.55,hosted_vasp,114,28,54.7,False,False,True,True,True,True,True,True,False
TX-6822-0345,EU,Singapore,USDC,1343.69,hosted_vasp,1895,2,14.4,False,False,True,True,True,True,True,True,False
TX-6822-0346,Singapore,US,USDC,1395.9,unhosted_wallet,1602,3,36.2,False,False,True,True,True,True,True,True,False
TX-6822-0347,Hong Kong,High-risk corridor,USDC,1955.37,hosted_vasp,767,3,45.9,False,False,True,True,True,True,True,True,False
TX-6822-0348,US,US,BTC,1566.94,unhosted_wallet,62,6,38.2,False,False,True,True,True,False,True,True,False
TX-6822-0349,Singapore,US,USDC,2721.86,unhosted_wallet,410,0,39.1,False,False,True,True,True,True,True,True,False
TX-6822-0350,Hong Kong,EU,USDC,2618.06,hosted_vasp,1558,2,31.1,False,False,True,True,True,True,True,True,False
TX-6822-0351,UAE,Singapore,USDC,355.46,unhosted_wallet,568,1,40.0,False,False,True,True,False,True,True,True,False
TX-6822-0352,Singapore,High-risk corridor,USDC,739.13,hosted_vasp,2039,3,50.6,False,False,True,True,True,True,True,True,False
TX-6822-0353,Hong Kong,EU,ETH,1264.45,hosted_vasp,388,1,27.9,False,False,True,True,True,True,True,True,False
TX-6822-0354,US,US,BTC,897.28,unhosted_wallet,1544,18,56.0,False,False,True,True,False,False,True,True,False
TX-6822-0355,Nigeria,Offshore,USDC,1237.54,unhosted_wallet,2040,2,74.5,False,False,True,True,True,True,True,True,False
TX-6822-0356,India,EU,USDC,426.54,hosted_vasp,55,9,37.5,False,False,True,True,True,False,True,True,False
TX-6822-0357,Nigeria,EU,USDC,119.9,hosted_vasp,260,2,51.1,False,False,True,True,True,True,True,True,False
TX-6822-0358,US,Singapore,ETH,2246.31,unhosted_wallet,1329,3,39.5,False,False,True,True,False,True,True,True,True
TX-6822-0359,EU,EU,USDC,314.54,hosted_vasp,1090,3,15.1,False,False,True,True,True,True,True,True,False
TX-6822-0360,Singapore,Singapore,USDC,3676.82,hosted_vasp,1561,3,38.7,False,False,True,True,True,False,True,True,False
TX-6822-0361,US,EU,BTC,1701.82,unhosted_wallet,1571,3,43.2,False,False,True,True,True,True,True,True,False
TX-6822-0362,US,EU,USDC,512.92,hosted_vasp,1578,3,38.0,False,False,True,True,True,True,True,False,False
TX-6822-0363,Nigeria,US,USDC,287.11,hosted_vasp,1871,3,35.9,False,False,True,True,True,False,True,True,False
TX-6822-0364,US,EU,USDC,2284.02,hosted_vasp,1157,2,44.2,False,True,True,True,True,True,True,True,False
TX-6822-0365,Singapore,Singapore,BTC,2109.34,hosted_vasp,1002,0,34.3,False,False,True,True,True,False,True,True,False
TX-6822-0366,India,Offshore,USDC,363.73,hosted_vasp,2159,4,55.9,False,False,True,True,False,True,True,False,False
TX-6822-0367,Singapore,Singapore,USDC,6024.52,hosted_vasp,795,1,31.0,False,False,True,True,False,True,True,True,False
TX-6822-0368,Nigeria,EU,ETH,2457.83,hosted_vasp,1349,20,53.4,False,False,True,True,True,True,True,True,False
TX-6822-0369,Singapore,US,USDC,1915.68,hosted_vasp,2008,6,31.0,False,False,True,True,True,True,True,True,False
TX-6822-0370,Singapore,Offshore,BTC,569.17,unhosted_wallet,2073,5,58.8,False,False,True,True,True,True,True,True,False
TX-6822-0371,India,Singapore,ETH,246.65,hosted_vasp,835,0,22.8,False,False,True,True,True,False,True,True,False
TX-6822-0372,US,EU,ETH,2618.69,hosted_vasp,994,3,20.1,False,False,True,True,True,True,True,True,False
TX-6822-0373,Singapore,Singapore,USDC,1434.88,hosted_vasp,1630,4,29.6,False,False,True,True,True,False,True,True,False
TX-6822-0374,EU,EU,ETH,473.82,unhosted_wallet,226,4,39.9,False,False,True,True,True,False,False,True,False
TX-6822-0375,India,EU,SOL,1828.74,unhosted_wallet,1492,1,69.1,False,True,True,True,False,True,True,True,False
TX-6822-0376,UAE,Singapore,ETH,6829.11,hosted_vasp,349,2,27.8,False,False,True,True,True,True,True,True,False
TX-6822-0377,UAE,EU,SOL,1764.51,hosted_vasp,1316,2,34.3,False,False,True,True,True,True,True,True,False
TX-6822-0378,EU,Offshore,SOL,2956.78,hosted_vasp,1289,0,47.7,False,False,True,True,False,True,True,False,False
TX-6822-0379,US,EU,USDC,1756.09,hosted_vasp,217,0,24.5,False,False,True,True,True,True,True,True,False
TX-6822-0380,UAE,US,ETH,1474.52,unhosted_wallet,1258,21,56.9,False,False,True,True,True,True,True,True,False
TX-6822-0381,EU,US,USDC,675.63,unhosted_wallet,1443,3,26.4,False,False,True,True,False,False,True,True,False
TX-6822-0382,US,EU,BTC,76.44,hosted_vasp,1169,4,33.2,False,False,True,True,True,True,True,True,False
TX-6822-0383,US,Singapore,ETH,1744.41,unhosted_wallet,1252,5,46.8,False,False,True,True,True,True,True,True,True
TX-6822-0384,Singapore,US,ETH,1077.7,hosted_vasp,1863,1,23.2,False,False,True,True,True,True,True,True,False
TX-6822-0385,EU,High-risk corridor,USDC,2743.5,hosted_vasp,280,4,59.6,False,False,True,True,False,True,True,True,False
TX-6822-0386,EU,EU,BTC,1365.95,hosted_vasp,1913,2,22.0,False,False,True,True,True,False,True,True,False
TX-6822-0387,US,Singapore,USDC,2286.65,hosted_vasp,1229,2,38.5,False,False,True,True,True,True,True,True,False
TX-6822-0388,US,Offshore,BTC,4915.08,hosted_vasp,2087,23,55.7,False,False,True,True,True,True,True,True,False
TX-6822-0389,EU,Offshore,USDC,224.98,hosted_vasp,1703,6,40.6,False,False,True,True,True,True,True,True,False
TX-6822-0390,US,Singapore,BTC,1526.05,hosted_vasp,1234,1,30.8,False,False,True,True,True,True,True,True,False
TX-6822-0391,EU,US,ETH,473.91,unhosted_wallet,1835,2,22.5,False,False,True,True,False,True,True,True,False
TX-6822-0392,Singapore,Offshore,USDC,524.22,hosted_vasp,499,14,41.7,False,False,True,True,True,True,True,True,False
TX-6822-0393,Singapore,Singapore,USDC,985.37,hosted_vasp,1368,2,22.3,False,False,True,True,True,True,True,True,False
TX-6822-0394,Singapore,High-risk corridor,USDC,1916.69,hosted_vasp,9,8,74.1,False,False,True,True,True,True,True,True,False
TX-6822-0395,EU,EU,USDC,2462.44,hosted_vasp,691,2,15.7,False,False,True,True,True,True,True,True,False
TX-6822-0396,Nigeria,US,USDC,2928.47,hosted_vasp,341,22,48.2,False,False,True,True,True,True,True,True,False
TX-6822-0397,US,High-risk corridor,ETH,1737.89,unhosted_wallet,1971,2,69.6,False,False,False,True,True,True,True,True,False
TX-6822-0398,Hong Kong,EU,USDC,457.52,unhosted_wallet,24,0,40.1,False,False,False,True,True,True,True,True,False
TX-6822-0399,Singapore,Singapore,ETH,1675.75,unhosted_wallet,250,4,41.9,False,False,True,True,True,False,True,True,False
TX-6822-0400,US,High-risk corridor,SOL,531.22,unhosted_wallet,513,4,66.1,False,False,True,True,True,True,True,True,False
TX-6822-0401,Nigeria,Offshore,USDC,1621.33,hosted_vasp,1209,18,70.0,False,False,True,True,True,True,True,True,False
TX-6822-0402,US,High-risk corridor,USDC,972.89,hosted_vasp,2122,2,47.1,False,False,True,True,True,True,True,True,True
TX-6822-0403,US,EU,USDC,1673.52,hosted_vasp,1971,4,34.9,False,False,True,True,True,True,True,True,False
TX-6822-0404,US,US,ETH,1273.9,hosted_vasp,411,3,23.9,False,False,True,True,True,True,True,True,False
TX-6822-0405,US,Singapore,BTC,1150.85,hosted_vasp,744,4,36.8,False,True,True,True,True,False,True,True,False
TX-6822-0406,US,EU,BTC,1328.2,unhosted_wallet,1565,4,37.5,False,False,True,False,True,False,True,True,False
TX-6822-0407,India,US,USDC,749.83,hosted_vasp,1972,1,20.6,False,False,True,True,True,True,True,True,False
TX-6822-0408,Singapore,EU,USDC,1273.79,unhosted_wallet,749,1,50.2,False,False,True,True,False,True,False,True,False
TX-6822-0409,Nigeria,EU,USDC,1566.02,unhosted_wallet,260,2,54.0,False,False,True,True,True,True,False,True,False
TX-6822-0410,US,EU,BTC,4656.09,hosted_vasp,1198,6,35.7,False,False,True,False,True,True,True,True,False
TX-6822-0411,India,US,USDC,1475.99,hosted_vasp,1758,3,35.6,False,False,True,True,True,True,True,True,False
TX-6822-0412,Singapore,EU,USDC,1599.42,hosted_vasp,221,2,27.6,False,False,True,True,True,True,True,True,False
TX-6822-0413,EU,EU,BTC,1848.44,hosted_vasp,1247,3,23.2,False,False,True,True,True,True,False,True,False
TX-6822-0414,US,Singapore,USDC,1270.93,unhosted_wallet,678,7,35.9,False,False,True,True,False,False,True,True,False
TX-6822-0415,India,Offshore,USDC,2908.57,hosted_vasp,1757,1,47.1,False,False,True,True,True,True,True,True,False
TX-6822-0416,US,EU,BTC,2739.34,hosted_vasp,1065,2,32.5,False,False,True,True,True,False,True,True,False
TX-6822-0417,Nigeria,EU,USDC,2226.48,hosted_vasp,850,30,56.8,False,False,True,True,True,True,True,True,False
TX-6822-0418,US,EU,USDC,1311.17,hosted_vasp,1638,2,13.6,False,False,True,True,False,True,True,True,False
TX-6822-0419,Singapore,US,USDC,1403.83,hosted_vasp,1373,1,31.8,False,False,True,True,True,True,True,True,False
TX-6822-0420,Singapore,US,USDC,1978.94,unhosted_wallet,2131,0,37.1,False,False,True,True,True,False,True,True,False
TX-6822-0421,EU,US,USDC,2719.38,unhosted_wallet,391,2,33.1,False,False,True,True,True,False,True,True,False
TX-6822-0422,US,EU,BTC,1934.89,unhosted_wallet,44,0,69.6,False,True,True,False,True,True,True,True,True
TX-6822-0423,US,EU,USDC,12365.06,unhosted_wallet,1012,3,56.5,False,False,True,True,True,True,True,True,False
TX-6822-0424,Nigeria,US,USDC,1648.3,unhosted_wallet,1821,24,74.9,False,False,True,False,True,True,True,True,False
TX-6822-0425,US,Offshore,USDC,3733.98,hosted_vasp,1050,3,46.7,False,False,True,True,True,True,True,True,False
TX-6822-0426,EU,Singapore,BTC,763.37,hosted_vasp,2001,1,19.0,False,False,True,True,True,True,True,True,False
TX-6822-0427,UAE,Singapore,BTC,1424.42,hosted_vasp,1022,2,32.9,False,False,True,True,True,True,True,True,False
TX-6822-0428,Singapore,Singapore,ETH,443.15,hosted_vasp,1796,2,24.9,False,False,False,True,True,True,False,True,False
TX-6822-0429,Hong Kong,Offshore,ETH,1315.79,hosted_vasp,70,4,41.4,False,False,True,True,True,True,True,True,False
TX-6822-0430,Nigeria,Singapore,USDC,3209.67,hosted_vasp,416,3,50.6,False,False,True,True,True,True,True,True,False
TX-6822-0431,Singapore,EU,USDC,5946.92,unhosted_wallet,1722,5,42.8,False,False,True,True,True,True,True,True,False
TX-6822-0432,US,Offshore,USDC,1685.31,hosted_vasp,172,3,34.9,False,False,True,True,False,True,True,True,False
TX-6822-0433,Singapore,US,USDC,7847.59,hosted_vasp,210,1,31.8,False,False,True,True,True,True,True,True,False
TX-6822-0434,US,Singapore,USDC,1358.01,hosted_vasp,694,3,8.3,False,False,True,True,True,True,True,True,False
TX-6822-0435,EU,Offshore,SOL,505.27,hosted_vasp,1570,2,48.0,False,False,True,True,True,True,True,True,False
TX-6822-0436,US,EU,USDC,73.34,hosted_vasp,423,3,52.9,False,True,True,True,True,True,True,True,False
TX-6822-0437,US,US,USDC,1585.09,unhosted_wallet,1367,2,22.5,False,False,True,True,True,True,True,True,False
TX-6822-0438,US,High-risk corridor,ETH,2154.63,hosted_vasp,1287,2,51.8,False,False,True,True,True,False,True,True,False
TX-6822-0439,Hong Kong,Singapore,USDC,6752.69,hosted_vasp,1842,4,26.2,False,False,True,True,True,True,False,True,False
TX-6822-0440,EU,Offshore,ETH,2320.47,hosted_vasp,662,5,37.0,False,False,True,True,True,True,True,True,False
TX-6822-0441,Singapore,Offshore,USDC,1202.27,hosted_vasp,37,3,40.9,False,False,True,True,True,True,True,True,False
TX-6822-0442,Singapore,Offshore,ETH,342.49,hosted_vasp,507,1,48.9,False,False,True,True,True,False,True,True,False
TX-6822-0443,EU,Singapore,ETH,2373.14,hosted_vasp,940,16,33.6,False,False,True,True,True,True,True,True,False
TX-6822-0444,Nigeria,EU,ETH,1732.85,unhosted_wallet,913,2,69.7,False,False,True,True,True,True,True,True,False
TX-6822-0445,EU,EU,USDC,14114.27,hosted_vasp,2113,13,65.8,False,False,True,True,True,True,True,True,False
TX-6822-0446,Singapore,Singapore,USDC,1377.88,unhosted_wallet,192,3,39.7,False,False,True,True,True,True,True,True,False
TX-6822-0447,UAE,US,BTC,1842.91,hosted_vasp,188,2,32.4,False,False,True,True,False,True,True,True,False
TX-6822-0448,Hong Kong,Singapore,USDC,5530.5,hosted_vasp,1822,0,23.1,False,False,True,True,True,True,True,True,False
TX-6822-0449,Singapore,High-risk corridor,USDC,2818.56,hosted_vasp,1836,16,62.0,False,False,True,True,True,False,False,True,False
TX-6822-0450,Nigeria,High-risk corridor,SOL,1415.16,hosted_vasp,2107,2,64.3,False,False,True,True,True,True,True,True,False
TX-6822-0451,EU,US,USDC,2743.57,hosted_vasp,79,4,41.6,False,False,True,True,True,True,True,True,False
TX-6822-0452,US,Offshore,USDC,706.83,unhosted_wallet,1538,0,42.1,False,False,True,True,True,True,True,True,False
TX-6822-0453,US,US,USDC,711.82,unhosted_wallet,438,2,45.2,False,False,True,True,True,True,True,True,False
TX-6822-0454,Singapore,High-risk corridor,USDC,3314.86,unhosted_wallet,1732,0,81.4,False,False,True,True,False,False,True,True,False
TX-6822-0455,US,EU,ETH,1217.5,unhosted_wallet,1257,2,31.6,False,False,True,True,True,True,True,True,False
TX-6822-0456,UAE,Offshore,USDC,1533.98,hosted_vasp,145,6,33.7,False,False,True,True,True,True,True,True,False
TX-6822-0457,Hong Kong,Singapore,USDC,390.88,unhosted_wallet,549,1,52.2,False,False,True,True,True,True,True,True,False
TX-6822-0458,EU,US,BTC,1715.17,unhosted_wallet,840,0,33.1,False,False,True,True,True,True,True,True,False
TX-6822-0459,EU,Singapore,USDC,2987.79,unhosted_wallet,1719,0,69.7,False,True,True,True,True,True,True,True,False
TX-6822-0460,US,US,USDC,637.47,hosted_vasp,1278,4,28.6,False,False,True,True,True,False,True,True,False
TX-6822-0461,Singapore,Offshore,BTC,1554.47,hosted_vasp,1624,2,45.2,False,False,True,True,True,True,True,True,False
TX-6822-0462,US,Offshore,BTC,1496.97,unhosted_wallet,210,2,54.7,False,False,True,True,True,False,True,True,False
TX-6822-0463,Singapore,US,USDC,2501.54,hosted_vasp,1422,2,18.3,False,False,True,True,True,True,True,True,False
TX-6822-0464,India,US,BTC,312.38,hosted_vasp,2042,3,32.4,False,False,True,True,False,True,True,True,False
TX-6822-0465,Singapore,High-risk corridor,USDC,491.88,hosted_vasp,1265,4,56.1,False,False,True,True,True,True,True,True,False
TX-6822-0466,EU,EU,ETH,608.45,hosted_vasp,2114,3,24.0,False,False,True,True,True,True,True,True,False
TX-6822-0467,India,Offshore,BTC,4312.84,hosted_vasp,1508,1,66.6,False,False,True,True,True,True,True,True,False
TX-6822-0468,EU,Singapore,USDC,6182.45,hosted_vasp,1325,5,38.6,False,False,True,True,False,True,True,True,False
TX-6822-0469,US,EU,USDC,1159.92,unhosted_wallet,1833,4,43.7,False,False,True,True,True,True,True,True,False
TX-6822-0470,Singapore,US,USDC,2206.93,unhosted_wallet,215,20,74.2,False,False,True,True,True,True,True,True,False
TX-6822-0471,EU,Offshore,BTC,2869.43,unhosted_wallet,1796,4,69.4,False,False,True,True,True,True,True,True,False
TX-6822-0472,Hong Kong,EU,ETH,699.62,hosted_vasp,1756,4,43.7,False,False,True,True,True,True,True,True,False
TX-6822-0473,EU,US,USDC,2503.92,hosted_vasp,140,2,36.6,False,False,True,True,True,True,True,True,False
TX-6822-0474,Singapore,EU,USDC,1946.64,hosted_vasp,2132,5,24.3,False,False,True,True,True,True,True,True,False
TX-6822-0475,Singapore,EU,ETH,1405.74,hosted_vasp,1871,4,36.9,False,False,True,True,True,True,True,True,False
TX-6822-0476,US,Singapore,SOL,450.05,unhosted_wallet,1774,2,49.6,False,False,True,True,True,True,True,True,False
TX-6822-0477,US,Singapore,USDC,449.03,hosted_vasp,289,3,16.0,False,False,True,True,True,True,False,True,False
TX-6822-0478,UAE,Offshore,BTC,2734.29,unhosted_wallet,2016,1,68.7,False,False,True,True,True,True,False,True,False
TX-6822-0479,US,Offshore,USDC,1359.11,hosted_vasp,741,0,48.0,False,False,True,True,True,True,True,True,False
TX-6822-0480,US,EU,USDC,2462.75,hosted_vasp,1087,1,33.7,False,False,True,True,True,True,True,True,False
TX-6822-0481,US,High-risk corridor,USDC,702.01,hosted_vasp,1207,2,56.9,False,False,True,True,False,True,True,True,False
TX-6822-0482,Hong Kong,Offshore,USDC,2753.6,hosted_vasp,1399,5,52.3,False,False,True,True,False,True,True,True,False
TX-6822-0483,Hong Kong,US,ETH,2524.63,hosted_vasp,427,3,33.1,False,False,True,True,True,False,True,True,False
TX-6822-0484,US,Singapore,USDC,867.77,hosted_vasp,1508,4,26.4,False,False,True,True,True,True,True,True,False
TX-6822-0485,US,EU,ETH,1026.05,hosted_vasp,595,4,21.5,False,False,True,True,True,True,True,True,False
TX-6822-0486,UAE,EU,USDC,527.96,unhosted_wallet,1243,2,58.3,False,False,True,True,True,True,True,True,False
TX-6822-0487,Singapore,Singapore,USDC,313.42,unhosted_wallet,774,1,47.8,False,False,True,True,False,True,False,False,False
TX-6822-0488,Hong Kong,EU,USDC,4240.02,hosted_vasp,967,1,34.1,False,False,True,True,True,True,True,True,False
TX-6822-0489,EU,Offshore,USDC,2178.34,hosted_vasp,469,22,46.0,False,False,True,True,True,True,True,True,False
TX-6822-0490,India,EU,ETH,1498.48,hosted_vasp,375,2,42.9,False,False,True,True,True,True,True,True,False
TX-6822-0491,Hong Kong,Singapore,USDC,1046.45,hosted_vasp,1414,0,24.1,False,False,True,False,False,True,True,True,False
TX-6822-0492,UAE,US,ETH,1308.02,hosted_vasp,774,1,25.3,False,False,False,True,True,True,True,True,False
TX-6822-0493,UAE,Offshore,USDC,3340.92,hosted_vasp,1517,1,54.9,False,False,True,True,True,True,True,True,False
TX-6822-0494,Singapore,Offshore,USDC,153.75,unhosted_wallet,1961,3,62.5,False,False,True,True,True,True,True,True,False
TX-6822-0495,EU,EU,USDC,6330.98,hosted_vasp,528,3,26.8,False,False,True,True,True,True,True,True,False
TX-6822-0496,EU,US,ETH,8030.7,unhosted_wallet,1633,1,55.8,False,False,True,True,True,True,True,True,False
TX-6822-0497,UAE,US,SOL,1365.01,hosted_vasp,1750,3,24.7,False,False,True,True,True,False,True,True,False
TX-6822-0498,US,Offshore,USDC,1085.58,hosted_vasp,220,2,47.6,False,False,True,True,True,True,True,True,False
TX-6822-0499,US,Singapore,BTC,1197.56,hosted_vasp,2025,6,33.1,False,False,True,True,True,True,True,True,False
TX-6822-0500,UAE,EU,BTC,495.75,hosted_vasp,2066,4,28.4,False,False,True,True,False,True,True,True,False
